{"colsample_bytree": 0.6847074798584072, "min_child_samples": 125, "min_child_weight": 10.0, "num_leaves": 49, "reg_alpha": 5, "reg_lambda": 50, "subsample": 0.20892704149103666}