{"colsample_bytree": 0.404828563763895, "min_child_samples": 350, "min_child_weight": 0.001, "num_leaves": 36, "reg_alpha": 1, "reg_lambda": 5, "subsample": 0.9274016358891894}