{"colsample_bytree": 0.55607546409401, "min_child_samples": 103, "min_child_weight": 10.0, "num_leaves": 22, "reg_alpha": 2, "reg_lambda": 1, "subsample": 0.8939112927620336}