{"colsample_bytree": 0.8754369812451743, "min_child_samples": 372, "min_child_weight": 10.0, "num_leaves": 44, "reg_alpha": 1, "reg_lambda": 0, "subsample": 0.568664015245299}