cv_fraction,lr_rmse,lr_r2,lgb_rmse,lgb_r2,mix_rmse,mix_r2,alfa
0.1,0.6297707423992008,0.535151079852762,0.5817046954642551,0.6034006444355381,0.5817046954642551,0.6034006444355381,1.0
0.1,0.9371172078572672,-0.029282741493837475,0.5817046954642551,0.6034006444355381,0.5817046954642551,0.6034006444355381,1.0
0.1,0.6297707443817011,0.5351510769260999,0.5817046954642551,0.6034006444355381,0.5817046954642551,0.6034006444355381,1.0
0.1,0.6297707814592896,0.5351510221903797,0.5817046954642551,0.6034006444355381,0.5817046954642551,0.6034006444355381,1.0
0.1,0.9728840506856044,-0.1093511368763922,0.5817046954642551,0.6034006444355381,0.5817046954642551,0.6034006444355381,1.0
0.1,0.6297707504239554,0.5351510680062337,0.5817046954642551,0.6034006444355381,0.5817046954642551,0.6034006444355381,1.0
0.1,0.7053477995433743,0.4168859617285078,0.5817046954642551,0.6034006444355381,0.5817046954642551,0.6034006444355381,1.0
0.1,0.6297707539112869,0.5351510628580671,0.5817046954642551,0.6034006444355381,0.5817046954642551,0.6034006444355381,1.0
0.1,0.6297706871969329,0.5351511613449997,0.5817046954642551,0.6034006444355381,0.5817046954642551,0.6034006444355381,1.0
