cv_fraction,lr_rmse,lr_r2,lgb_rmse,lgb_r2,mix_rmse,mix_r2,alfa
0.1,1.0890004144605125,0.062246354240334645,1.010648924137223,0.19233119877153448,1.010648924137223,0.19233119877153448,1.0
