cv_fraction,lr_rmse,lr_r2,lgb_rmse,lgb_r2,mix_rmse,mix_r2,alfa
0.1,0.629770747,0.535151073,0.581704695,0.6034006439999999,0.581704695,0.6034006439999999,1.0
0.1,0.62977078,0.535151024,0.581704695,0.6034006439999999,0.581704695,0.6034006439999999,1.0
0.1,0.6297707540001748,0.5351510627268464,0.5817046954642551,0.6034006444355381,0.5817046954642551,0.6034006444355381,1.0
0.1,0.6297707416618151,0.5351510809413262,0.5817046954642551,0.6034006444355381,0.5817046954642551,0.6034006444355381,1.0
0.1,0.5175793084645746,0.44983208724663204,0.4884287648382508,0.5100588569110713,0.4884287648382508,0.5100588569110713,1.0
0.1,0.5088704017937886,0.43169688045150334,0.4822434269002545,0.4896145424900852,0.4822434269002545,0.4896145424900852,1.0
0.2,0.5129426351327693,0.4360125169725062,0.4867815150481,0.49207449102818257,0.48675086128175676,0.49213845951982094,0.967
