{"colsample_bytree": 0.46716991724263107, "min_child_samples": 439, "min_child_weight": 1, "num_leaves": 46, "reg_alpha": 1, "reg_lambda": 50, "subsample": 0.20651472131008397}